{
    "genre_dortmund_classifier": {
        "raw_accuracy": 0.8606,
        "normalised_accuracy": 0.6851999999999999,
        "normalised_f1-score": 0.861127238859297
    },
    "genre_tzanetakis_classifier": {
        "raw_accuracy": 0.6278,
        "normalised_accuracy": 0.7248,
        "normalised_f1-score": 0.6527001094875091
    },
    "genre_rosamerica_classifier": {
        "raw_accuracy": 0.8261,
        "normalised_accuracy": 0.8294,
        "normalised_f1-score": 0.8306746257384789
    },
    "voice_instrumental_classifier": {
        "raw_accuracy": 0.8358,
        "normalised_accuracy": 0.8724,
        "normalised_f1-score": 0.8443882576559979
    },
    "tonal_atonal_classifier": {
        "raw_accuracy": 0.28190000000000004,
        "normalised_accuracy": 0.6204,
        "normalised_f1-score": 0.3742888912375938
    },
    "danceability_classifier": {
        "raw_accuracy": 0.7240000000000001,
        "normalised_accuracy": 0.7576999999999999,
        "normalised_f1-score": 0.7260465929619372
    },
    "mood_acoustic_classifier": {
        "raw_accuracy": 0.9035,
        "normalised_accuracy": 0.8870999999999999,
        "normalised_f1-score": 0.9021669557549643
    },
    "mood_aggressive_classifier": {
        "raw_accuracy": 0.9467,
        "normalised_accuracy": 0.8493,
        "normalised_f1-score": 0.9461579748123646
    },
    "mood_electronic_classifier": {
        "raw_accuracy": 0.9007,
        "normalised_accuracy": 0.8957999999999999,
        "normalised_f1-score": 0.9002687093926915
    },
    "mood_happy_classifier": {
        "raw_accuracy": 0.7904000000000001,
        "normalised_accuracy": 0.6596,
        "normalised_f1-score": 0.7695211384202337
    },
    "mood_party_classifier": {
        "raw_accuracy": 0.9422,
        "normalised_accuracy": 0.9101,
        "normalised_f1-score": 0.9458610645647997
    },
    "mood_relaxed_classifier": {
        "raw_accuracy": 0.8146,
        "normalised_accuracy": 0.8406,
        "normalised_f1-score": 0.8169297194355306
    },
    "mood_sad_classifier": {
        "raw_accuracy": 0.7212000000000001,
        "normalised_accuracy": 0.7411,
        "normalised_f1-score": 0.756920168178056
    },
    "gender_classifier": {
        "raw_accuracy": 0.9166,
        "normalised_accuracy": 0.8576,
        "normalised_f1-score": 0.9198793100319893
    }
}