{
    "genre_dortmund_classifier": {
        "raw_accuracy": 0.8552,
        "normalised_accuracy": 0.5466,
        "normalised_f1-score": 0.8485249759541738
    },
    "genre_tzanetakis_classifier": {
        "raw_accuracy": 0.6579,
        "normalised_accuracy": 0.7018000000000001,
        "normalised_f1-score": 0.6900829143547034
    },
    "genre_rosamerica_classifier": {
        "raw_accuracy": 0.8397,
        "normalised_accuracy": 0.8251999999999999,
        "normalised_f1-score": 0.8630622985525678
    },
    "voice_instrumental_classifier": {
        "raw_accuracy": 0.9145,
        "normalised_accuracy": 0.9218999999999999,
        "normalised_f1-score": 0.9168432679929781
    },
    "tonal_atonal_classifier": {
        "raw_accuracy": 0.44310000000000005,
        "normalised_accuracy": 0.7021,
        "normalised_f1-score": 0.560261946396351
    },
    "danceability_classifier": {
        "raw_accuracy": 0.8122,
        "normalised_accuracy": 0.8243,
        "normalised_f1-score": 0.8147706234618862
    },
    "mood_acoustic_classifier": {
        "raw_accuracy": 0.8983,
        "normalised_accuracy": 0.8833,
        "normalised_f1-score": 0.8971243873190213
    },
    "mood_aggressive_classifier": {
        "raw_accuracy": 0.9571,
        "normalised_accuracy": 0.8668,
        "normalised_f1-score": 0.9562395342509831
    },
    "mood_electronic_classifier": {
        "raw_accuracy": 0.9125,
        "normalised_accuracy": 0.9092,
        "normalised_f1-score": 0.9123189148738582
    },
    "mood_happy_classifier": {
        "raw_accuracy": 0.7895,
        "normalised_accuracy": 0.6829000000000001,
        "normalised_f1-score": 0.7777564563341867
    },
    "mood_party_classifier": {
        "raw_accuracy": 0.9275,
        "normalised_accuracy": 0.9247,
        "normalised_f1-score": 0.9346751457983145
    },
    "mood_relaxed_classifier": {
        "raw_accuracy": 0.794,
        "normalised_accuracy": 0.8283,
        "normalised_f1-score": 0.7956510400651576
    },
    "mood_sad_classifier": {
        "raw_accuracy": 0.6631,
        "normalised_accuracy": 0.7187,
        "normalised_f1-score": 0.7088146805638741
    },
    "gender_classifier": {
        "raw_accuracy": 0.8702,
        "normalised_accuracy": 0.8094,
        "normalised_f1-score": 0.8801694177303373
    }
}